<?xml version="1.0" encoding="UTF-8" standalone="yes"?>
<Topologies>
    <element id="0">
        <link id="0">
            <line type="HOP" family="Base">
                <hop>0</hop>
            </line>
            <colun type="HOP" family="Base">
                <hop>1</hop>
            </colun>
        </link>
        <link id="1">
            <line type="HOP" family="Base">
                <hop>1</hop>
            </line>
            <colun type="HOP" family="Base">
                <hop>0</hop>
            </colun>
        </link>
        <link id="2">
            <line type="HOP" family="Base">
                <hop>0</hop>
            </line>
            <colun type="HOP" family="Base">
                <hop>-1</hop>
            </colun>
        </link>
        <link id="3">
            <line type="HOP" family="Base">
                <hop>-1</hop>
            </line>
            <colun type="HOP" family="Base">
                <hop>0</hop>
            </colun>
        </link>
        <link id="4">
            <line type="HOP" family="Base">
                <hop>0</hop>
            </line>
            <colun type="HOP" family="Base">
                <hop>2</hop>
            </colun>
        </link>
        <link id="5">
            <line type="HOP" family="Base">
                <hop>2</hop>
            </line>
            <colun type="HOP" family="Base">
                <hop>0</hop>
            </colun>
        </link>
        <link id="6">
            <line type="HOP" family="Base">
                <hop>0</hop>
            </line>
            <colun type="HOP" family="Base">
                <hop>-2</hop>
            </colun>
        </link>
        <link id="7">
            <line type="HOP" family="Base">
                <hop>-2</hop>
            </line>
            <colun type="HOP" family="Base">
                <hop>0</hop>
            </colun>
        </link>
        <link id="8">
            <line type="HOP" family="Base">
                <hop>0</hop>
            </line>
            <colun type="HOP" family="Base">
                <hop>3</hop>
            </colun>
        </link>
        <link id="9">
            <line type="HOP" family="Base">
                <hop>3</hop>
            </line>
            <colun type="HOP" family="Base">
                <hop>0</hop>
            </colun>
        </link>
        <link id="10">
            <line type="HOP" family="Base">
                <hop>0</hop>
            </line>
            <colun type="HOP" family="Base">
                <hop>-3</hop>
            </colun>
        </link>
        <link id="11">
            <line type="HOP" family="Base">
                <hop>-3</hop>
            </line>
            <colun type="HOP" family="Base">
                <hop>0</hop>
            </colun>
        </link>
    </element>
</Topologies>