<?xml version="1.0" encoding="UTF-8" standalone="yes"?>
<Benchmarks>
    <bench id="0">
        <name>arf</name>
        <path>architectures.dataflows.real_partitioned.arf</path>
        <wires>30</wires>
        <nodes>28</nodes>
    </bench>
    <bench id="1">
        <name>collapse_pyr</name>
        <path>architectures.dataflows.real_partitioned.collapse_pyr</path>
        <wires>89</wires>
        <nodes>72</nodes>
    </bench>
    <bench id="2">
        <name>cosine1</name>
        <path>architectures.dataflows.real_partitioned.cosine1</path>
        <wires>76</wires>
        <nodes>66</nodes>
    </bench>
    <bench id="3">
        <name>cosine2</name>
        <path>architectures.dataflows.real_partitioned.cosine2</path>
        <wires>91</wires>
        <nodes>82</nodes>
    </bench>
    <bench id="4">
        <name>ewf</name>
        <path>architectures.dataflows.real_partitioned.ewf</path>
        <wires>55</wires>
        <nodes>42</nodes>
    </bench>
    <bench id="5">
        <name>feedback_points</name>
        <path>architectures.dataflows.real_partitioned.feedback_points</path>
        <wires>51</wires>
        <nodes>54</nodes>
    </bench>
    <bench id="6">
        <name>fir1</name>
        <path>architectures.dataflows.real_partitioned.fir1</path>
        <wires>43</wires>
        <nodes>44</nodes>
    </bench>
    <bench id="7">
        <name>fir2</name>
        <path>architectures.dataflows.real_partitioned.fir2</path>
        <wires>39</wires>
        <nodes>40</nodes>
    </bench>
    <bench id="8">
        <name>h2v2_smooth_downsample</name>
        <path>architectures.dataflows.real_partitioned.h2v2_smooth_downsample</path>
        <wires>55</wires>
        <nodes>52</nodes>
    </bench>
    <bench id="9">
        <name>hal</name>
        <path>architectures.dataflows.real_partitioned.hal</path>
        <wires>8</wires>
        <nodes>11</nodes>
    </bench>
    <bench id="10">
        <name>horner_bezier_surf</name>
        <path>architectures.dataflows.real_partitioned.horner_bezier_surf</path>
        <wires>16</wires>
        <nodes>17</nodes>
    </bench>
    <bench id="11">
        <name>idctcol</name>
        <path>architectures.dataflows.real_partitioned.idctcol</path>
        <wires>236</wires>
        <nodes>186</nodes>
    </bench>
    <bench id="12">
        <name>interpolate_aux</name>
        <path>architectures.dataflows.real_partitioned.interpolate_aux</path>
        <wires>104</wires>
        <nodes>108</nodes>
    </bench>
    <bench id="13">
        <name>invert_matrix_general</name>
        <path>architectures.dataflows.real_partitioned.invert_matrix_general</path>
        <wires>380</wires>
        <nodes>359</nodes>
    </bench>
    <bench id="14">
        <name>jpeg_fdct_islow</name>
        <path>architectures.dataflows.real_partitioned.jpeg_fdct_islow</path>
        <wires>210</wires>
        <nodes>173</nodes>
    </bench>
    <bench id="15">
        <name>jpeg_idct_ifast</name>
        <path>architectures.dataflows.real_partitioned.jpeg_idct_ifast</path>
        <wires>210</wires>
        <nodes>167</nodes>
    </bench>
    <bench id="16">
        <name>matmul</name>
        <path>architectures.dataflows.real_partitioned.matmul</path>
        <wires>124</wires>
        <nodes>116</nodes>
    </bench>
    <bench id="17">
        <name>motion_vectors</name>
        <path>architectures.dataflows.real_partitioned.motion_vectors</path>
        <wires>29</wires>
        <nodes>32</nodes>
    </bench>
    <bench id="18">
        <name>smooth_color_z_triangle</name>
        <path>architectures.dataflows.real_partitioned.smooth_color_z_triangle</path>
        <wires>196</wires>
        <nodes>196</nodes>
    </bench>
    <bench id="19">
        <name>write_bmp_header</name>
        <path>architectures.dataflows.real_partitioned.write_bmp_header</path>
        <wires>93</wires>
        <nodes>111</nodes>
    </bench>
</Benchmarks>
