<?xml version="1.0" encoding="UTF-8" standalone="yes"?>
<Benchmarks>
    <bench id="0">
        <name>arf</name>
        <path>architectures.dataflows.real.arf</path>
        <wires>30</wires>
        <nodes>28</nodes>
    </bench>
    <bench id="1">
        <name>collapse_pyr</name>
        <path>architectures.dataflows.real.collapse_pyr</path>
        <wires>73</wires>
        <nodes>56</nodes>
    </bench>
    <bench id="2">
        <name>cosine1</name>
        <path>architectures.dataflows.real.cosine1</path>
        <wires>76</wires>
        <nodes>66</nodes>
    </bench>
    <bench id="3">
        <name>cosine2</name>
        <path>architectures.dataflows.real.cosine2</path>
        <wires>91</wires>
        <nodes>82</nodes>
    </bench>
    <bench id="4">
        <name>ewf</name>
        <path>architectures.dataflows.real.ewf</path>
        <wires>47</wires>
        <nodes>34</nodes>
    </bench>
    <bench id="5">
        <name>feedback_points</name>
        <path>architectures.dataflows.real.feedback_points</path>
        <wires>50</wires>
        <nodes>53</nodes>
    </bench>
    <bench id="6">
        <name>fir1</name>
        <path>architectures.dataflows.real.fir1</path>
        <wires>43</wires>
        <nodes>44</nodes>
    </bench>
    <bench id="7">
        <name>fir2</name>
        <path>architectures.dataflows.real.fir2</path>
        <wires>39</wires>
        <nodes>40</nodes>
    </bench>
    <bench id="8">
        <name>h2v2_smooth_downsample</name>
        <path>architectures.dataflows.real.h2v2_smooth_downsample</path>
        <wires>52</wires>
        <nodes>51</nodes>
    </bench>
    <bench id="9">
        <name>hal</name>
        <path>architectures.dataflows.real.hal</path>
        <wires>8</wires>
        <nodes>11</nodes>
    </bench>
    <bench id="10">
        <name>horner_bezier_surf</name>
        <path>architectures.dataflows.real.horner_bezier_surf</path>
        <wires>16</wires>
        <nodes>18</nodes>
    </bench>
    <bench id="11">
        <name>idctcol</name>
        <path>architectures.dataflows.real.idctcol</path>
        <wires>164</wires>
        <nodes>114</nodes>
    </bench>
    <bench id="12">
        <name>interpolate_aux</name>
        <path>architectures.dataflows.real.interpolate_aux</path>
        <wires>104</wires>
        <nodes>108</nodes>
    </bench>
    <bench id="13">
        <name>invert_matrix_general</name>
        <path>architectures.dataflows.real.invert_matrix_general</path>
        <wires>354</wires>
        <nodes>333</nodes>
    </bench>
    <bench id="14">
        <name>jpeg_fdct_islow</name>
        <path>architectures.dataflows.real.jpeg_fdct_islow</path>
        <wires>169</wires>
        <nodes>134</nodes>
    </bench>
    <bench id="15">
        <name>jpeg_idct_ifast</name>
        <path>architectures.dataflows.real.jpeg_idct_ifast</path>
        <wires>162</wires>
        <nodes>122</nodes>
    </bench>
    <bench id="16">
        <name>matmul</name>
        <path>architectures.dataflows.real.matmul</path>
        <wires>116</wires>
        <nodes>109</nodes>
    </bench>
    <bench id="17">
        <name>motion_vectors</name>
        <path>architectures.dataflows.real.motion_vectors</path>
        <wires>29</wires>
        <nodes>32</nodes>
    </bench>
    <bench id="18">
        <name>smooth_color_z_triangle</name>
        <path>architectures.dataflows.real.smooth_color_z_triangle</path>
        <wires>196</wires>
        <nodes>197</nodes>
    </bench>
    <bench id="19">
        <name>write_bmp_header</name>
        <path>architectures.dataflows.real.write_bmp_header</path>
        <wires>88</wires>
        <nodes>106</nodes>
    </bench>
</Benchmarks>
