<?xml version="1.0" encoding="UTF-8" standalone="yes"?>
<Benchmarks>
    <bench id="0">
        <name>arf</name>
        <path>architectures.dataflows.real_partitioned.arf</path>
        <wires>30</wires>
        <nodes>28</nodes>
    </bench>
    <bench id="1">
        <name>collapse_pyr</name>
        <path>architectures.dataflows.real_partitioned.collapse_pyr</path>
        <wires>89</wires>
        <nodes>72</nodes>
    </bench>
    <bench id="2">
        <name>cosine1</name>
        <path>architectures.dataflows.real_partitioned.cosine1</path>
        <wires>76</wires>
        <nodes>66</nodes>
    </bench>
    <bench id="3">
        <name>cosine2</name>
        <path>architectures.dataflows.real_partitioned.cosine2</path>
        <wires>91</wires>
        <nodes>82</nodes>
    </bench>
    <bench id="4">
        <name>ewf</name>
        <path>architectures.dataflows.real_partitioned.ewf</path>
        <wires>55</wires>
        <nodes>42</nodes>
    </bench>
    <bench id="5">
        <name>feedback_points</name>
        <path>architectures.dataflows.real_partitioned.feedback_points</path>
        <wires>51</wires>
        <nodes>54</nodes>
    </bench>
    <bench id="6">
        <name>fir1</name>
        <path>architectures.dataflows.real_partitioned.fir1</path>
        <wires>43</wires>
        <nodes>44</nodes>
    </bench>
    <bench id="7">
        <name>fir2</name>
        <path>architectures.dataflows.real_partitioned.fir2</path>
        <wires>39</wires>
        <nodes>40</nodes>
    </bench>
    <bench id="8">
        <name>h2v2_smooth_downsample</name>
        <path>architectures.dataflows.real_partitioned.h2v2_smooth_downsample</path>
        <wires>55</wires>
        <nodes>52</nodes>
    </bench>
    <bench id="9">
        <name>hal</name>
        <path>architectures.dataflows.real_partitioned.hal</path>
        <wires>8</wires>
        <nodes>11</nodes>
    </bench>
    <bench id="10">
        <name>horner_bezier_surf</name>
        <path>architectures.dataflows.real_partitioned.horner_bezier_surf</path>
        <wires>16</wires>
        <nodes>17</nodes>
    </bench>
    <bench id="11">
        <name>idctcol</name>
        <path>architectures.dataflows.real_partitioned.idctcol</path>
        <wires>236</wires>
        <nodes>186</nodes>
    </bench>
    <bench id="12">
        <name>interpolate_aux</name>
        <path>architectures.dataflows.real_partitioned.interpolate_aux</path>
        <wires>104</wires>
        <nodes>108</nodes>
    </bench>
    <bench id="13">
        <name>invert_matrix_general</name>
        <path>architectures.dataflows.real_partitioned.invert_matrix_general</path>
        <wires>380</wires>
        <nodes>359</nodes>
    </bench>
    <bench id="14">
        <name>jpeg_fdct_islow</name>
        <path>architectures.dataflows.real_partitioned.jpeg_fdct_islow</path>
        <wires>210</wires>
        <nodes>173</nodes>
    </bench>
    <bench id="15">
        <name>jpeg_idct_ifast</name>
        <path>architectures.dataflows.real_partitioned.jpeg_idct_ifast</path>
        <wires>210</wires>
        <nodes>167</nodes>
    </bench>
    <bench id="16">
        <name>matmul</name>
        <path>architectures.dataflows.real_partitioned.matmul</path>
        <wires>124</wires>
        <nodes>116</nodes>
    </bench>
    <bench id="17">
        <name>motion_vectors</name>
        <path>architectures.dataflows.real_partitioned.motion_vectors</path>
        <wires>29</wires>
        <nodes>32</nodes>
    </bench>
    <bench id="18">
        <name>smooth_color_z_triangle</name>
        <path>architectures.dataflows.real_partitioned.smooth_color_z_triangle</path>
        <wires>196</wires>
        <nodes>196</nodes>
    </bench>
    <bench id="19">
        <name>write_bmp_header</name>
        <path>architectures.dataflows.real_partitioned.write_bmp_header</path>
        <wires>93</wires>
        <nodes>111</nodes>
    </bench>
    <bench id="20">
        <name>Fir16</name>
        <path>architectures.dataflows.javagraphs.Fir16</path>
        <wires>63</wires>
        <nodes>49</nodes>
    </bench>
    <bench id="21">
        <name>Cplx8</name>
        <path>architectures.dataflows.javagraphs.Cplx8</path>
        <wires>60</wires>
        <nodes>46</nodes>
    </bench>
    <bench id="22">
        <name>FilterRGB</name>
        <path>architectures.dataflows.javagraphs.filterRGB</path>
        <wires>70</wires>
        <nodes>57</nodes>
    </bench>
    <bench id="23">
        <name>FDCTa</name>
        <path>architectures.dataflows.javagraphs.dctcompleto</path>
        <wires>186</wires>
        <nodes>139</nodes>
    </bench>
    <bench id="24">
        <name>FDCT</name>
        <path>architectures.dataflows.javagraphs.DCT</path>
        <wires>124</wires>
        <nodes>92</nodes>
    </bench>
    <bench id="25">
        <name>FilterRGB+Paeth</name>
        <path>architectures.dataflows.javagraphs.filterRGBpaeth</path>
        <wires>104</wires>
        <nodes>82</nodes>
    </bench>
    <bench id="26">
        <name>SNN</name>
        <path>architectures.dataflows.javagraphs.snn</path>
        <wires>295</wires>
        <nodes>249</nodes>
    </bench>
    <bench id="27">
        <name>TreeFir64</name>
        <path>architectures.dataflows.javagraphs.treefir64</path>
        <wires>255</wires>
        <nodes>193</nodes>
    </bench>
    <bench id="28">
        <name>Fir64</name>
        <path>architectures.dataflows.javagraphs.fir64</path>
        <wires>255</wires>
        <nodes>193</nodes>
    </bench>
    <bench id="29">
        <name>FilterRGB+Paeth+FDCT</name>
        <path>architectures.dataflows.javagraphs.filterRGBpaethFDCT</path>
        <wires>290</wires>
        <nodes>221</nodes>
    </bench>
    <bench id="30">
        <name>graph50_2x2</name>
        <path>files.dataflow.graph50_2x2</path>
        <wires>89</wires>
        <nodes>64</nodes>
    </bench>
    <bench id="31">
        <name>graph100_2x2</name>
        <path>files.dataflow.graph100_2x2</path>
        <wires>169</wires>
        <nodes>124</nodes>
    </bench>
    <bench id="32">
        <name>graph200_2x2</name>
        <path>files.dataflow.graph200_2x2</path>
        <wires>351</wires>
        <nodes>253</nodes>
    </bench>
    <bench id="33">
        <name>graph500_2x2</name>
        <path>files.dataflow.graph500_2x2</path>
        <wires>877</wires>
        <nodes>637</nodes>
    </bench>
    <bench id="34">
        <name>graph1000_2x2</name>
        <path>files.dataflow.graph1000_2x2</path>
        <wires>1784</wires>
        <nodes>1277</nodes>
    </bench>
    <bench id="35">
        <name>Conf0</name>
        <path>architectures.dataflows.mips.Conf0</path>
        <wires>72</wires>
        <nodes>51</nodes>
    </bench>
    <bench id="36">
        <name>Conf1</name>
        <path>architectures.dataflows.mips.Conf1</path>
        <wires>94</wires>
        <nodes>49</nodes>
    </bench>
    <bench id="37">
        <name>Conf2</name>
        <path>architectures.dataflows.mips.Conf2</path>
        <wires>95</wires>
        <nodes>49</nodes>
    </bench>
    <bench id="38">
        <name>Conf3</name>
        <path>architectures.dataflows.mips.Conf3</path>
        <wires>121</wires>
        <nodes>57</nodes>
    </bench>
    <bench id="39">
        <name>Conf4</name>
        <path>architectures.dataflows.mips.Conf4</path>
        <wires>63</wires>
        <nodes>37</nodes>
    </bench>
    <bench id="40">
        <name>Conf5</name>
        <path>architectures.dataflows.mips.Conf5</path>
        <wires>65</wires>
        <nodes>38</nodes>
    </bench>
    <bench id="41">
        <name>Conf6</name>
        <path>architectures.dataflows.mips.Conf6</path>
        <wires>95</wires>
        <nodes>49</nodes>
    </bench>
    <bench id="42">
        <name>Conf7</name>
        <path>architectures.dataflows.mips.Conf7</path>
        <wires>98</wires>
        <nodes>52</nodes>
    </bench>
    <bench id="43">
        <name>Conf8</name>
        <path>architectures.dataflows.mips.Conf8</path>
        <wires>98</wires>
        <nodes>52</nodes>
    </bench>
    <bench id="44">
        <name>Conf9</name>
        <path>architectures.dataflows.mips.Conf9</path>
        <wires>61</wires>
        <nodes>34</nodes>
    </bench>
    <bench id="45">
        <name>Conf10</name>
        <path>architectures.dataflows.mips.Conf10</path>
        <wires>34</wires>
        <nodes>21</nodes>
    </bench>
    <bench id="46">
        <name>Conf11</name>
        <path>architectures.dataflows.mips.Conf11</path>
        <wires>25</wires>
        <nodes>20</nodes>
    </bench>
    <bench id="47">
        <name>Conf12</name>
        <path>architectures.dataflows.mips.Conf12</path>
        <wires>6</wires>
        <nodes>6</nodes>
    </bench>
</Benchmarks>
